quarter,ngdp,ncons,ncdur,ncnd,ncsv,ntotinv,nfxinv,nnri,nres,ngov,nfed,ndef,pgdp,pcons,pcdur,pcnd,pcsv,pcndsv,ptotinv,pfxinv,pnri,pres,pgov,pfed,pdef,nwbus,pbus,tothours,pop,tbill3,rypot,rameynews,nfedreceipts,top3xsret,mfev
1947,243.1,156.3,20.7,74.9,60.7,35.9,35.4,24.8,10.5,40.1,26.6,22.5,12.566,13.03,44.439,16.217,8.383,9.482397024,16.102,15.246,18.722,8.959,8.369,11.172,11.146,3.699,15.32,122.2435005,142985.5781,0.38,1882.428,0,43.4,0,
1947.25,246.3,160.2,21.4,76.9,61.9,34.5,35.7,25.2,10.6,40.3,26.5,21.2,12.745,13.135,44.852,16.375,8.429,9.556731834,16.78,15.821,19.288,9.459,8.349,11.036,11.085,3.807,15.526,121.1952527,143669.8281,0.38,1901.699,7.8,42.5,-0.207285,
1947.5,250.1,163.7,21.8,78.6,63.2,34.9,37.8,25.4,12.5,39.8,25.3,20.3,12.957,13.38,45.101,16.67,8.631,9.754207494,17.492,16.219,19.797,9.674,8.184,10.579,10.212,3.863,15.919,122.1446007,144334.75,0.74,1921.264,0,41.6,-0.031828,
1947.75,260.3,167.8,23.5,80,64.3,43.2,41.8,26.5,15.3,40,24.8,20.7,13.276,13.713,45.688,17.175,8.826,10.01615554,18.157,16.557,20.155,9.925,8.286,10.59,10.201,4.005,16.362,122.9164863,144961,0.91,1941.129,0,43.8,-0.047346,
1948,266.2,170.5,23.5,81.5,65.4,47.2,43.6,28.2,15.3,41.2,25.5,20.9,13.379,13.865,46.042,17.457,8.877,10.13300349,17.972,16.728,20.262,10.116,8.428,10.655,10.43,4.059,16.49,121.872893,145587.25,0.99,1961.299,1.8,44,0.207542,0.363697723
1948.25,272.9,174.3,24,83.2,67.1,50.3,44.5,28,16.4,43.1,26.7,20.7,13.497,14.008,46.647,17.631,8.964,10.23324938,18.048,17.099,20.826,10.236,8.533,10.732,10.583,4.106,16.616,122.1353902,146213.5,1,1981.782,3.5,42.5,0.161663,-1.080736915
1948.5,279.5,177.2,25.3,83.5,68.5,52.5,45.4,29.1,16.3,44.8,27.5,20.8,13.747,14.223,48.277,17.803,9.099,10.35739427,18.639,17.62,21.54,10.479,8.704,10.839,10.735,4.217,16.929,123.4913191,146844.0781,1.05,2002.582,0,41.6,0.14043,-0.441642767
1948.75,280.7,178.1,25,83.7,69.4,51.3,45.3,30.2,15.2,46.8,28.7,21.6,13.789,14.179,48.372,17.619,9.133,10.31596784,19.135,17.813,21.833,10.54,8.76,10.841,10.764,4.305,16.974,123.0265683,147483.3281,1.14,2023.707,0,41.3,0.009237,-2.314884384
1949,275.4,177,24.4,82.7,69.8,43.1,42.7,28.6,14.2,48.8,30.2,22.5,13.717,14.069,48.221,17.351,9.128,10.22767828,18.916,17.793,21.709,10.623,8.894,11.182,10.95,4.22,16.814,121.6151935,148122.5781,1.17,2025.7,0,39.9,0.118712,-0.426248869
1949.25,271.7,178.6,26.4,81.9,70.3,36.2,41.4,27.5,13.9,50.6,31.3,22.8,13.579,13.983,47.921,17.127,9.147,10.16585249,18.328,17.765,21.674,10.609,8.836,11.173,10.908,4.18,16.608,120.7785091,148761.8281,1.17,2048.4,0,37.9,-0.005761,-0.194184086
1949.5,273.3,177.9,27.3,80.3,70.4,39.5,40.9,26.1,14.7,50.6,30.5,22.6,13.509,13.902,47.341,16.933,9.176,10.11889702,18.47,17.567,21.584,10.357,8.758,11.025,10.837,4.237,16.514,119.0692916,149444.9219,1.04,2071.4,0,37.4,0.00895,-0.473580984
1949.75,271,180.4,28.4,80.9,71.1,37.5,42.2,25.6,16.5,50.1,29.8,21.7,13.518,13.889,47.269,16.804,9.241,10.11107906,18.401,17.493,21.446,10.355,8.861,11.297,11.01,4.276,16.464,117.9191661,150215.6719,1.08,2095,-2,36.2,0.072726,-0.807013727
1950,281.2,183.1,29.3,81.5,72.3,46.7,44.7,26.4,18.3,49.2,28.6,20.9,13.49,13.864,47.097,16.697,9.279,10.09624576,18.557,17.481,21.462,10.33,8.83,11.308,11.035,4.426,16.423,118.2736578,150986.4219,1.1,2119.1,0,41.4,0.108745,-0.860548947
1950.25,290.7,187,29.8,82.8,74.4,52.3,49.5,28.9,20.6,49.9,29,21,13.538,13.93,47.441,16.774,9.313,10.13829269,18.749,17.758,21.664,10.59,8.799,11.188,10.964,4.479,16.514,120.4921354,151757.1719,1.15,2144.2,7.7,45.5,0.207723,-0.474982266
1950.5,308.5,200.7,37.4,86.6,76.7,58.6,54.5,31.9,22.6,50,28.4,22.7,13.832,14.221,48.073,17.255,9.456,10.36511983,19.364,18.258,22.126,10.993,8.963,11.32,11.197,4.558,16.889,123.8267855,152488.25,1.22,2170,179.4,51.8,0.160016,8.801133798
1950.75,320.3,198.1,33.3,86.7,78.1,68.4,54.4,32.9,21.5,53.9,31.8,26.1,14.09,14.476,48.89,17.651,9.578,10.55373261,20.05,18.606,22.859,10.98,9.033,11.245,11.231,4.64,17.27,125.4438156,153140,1.34,2196.6,124,56.5,0.359065,0.387468583
1951,336.4,209.4,35.6,92,81.8,64.6,54.2,33.1,21.1,62.3,39.6,33.6,14.596,14.938,50.736,18.396,9.753,10.87913883,21.074,19.236,23.631,11.352,9.42,11.8,11.535,4.803,17.889,128.0838746,153791.75,1.37,2224.4,4.1,64.5,0.22532,-0.159857361
1951.25,344.5,205.1,30.7,91.4,82.9,67.4,52.6,34.1,18.5,70,46.6,40.3,14.692,15.059,51.087,18.563,9.825,10.96916805,21.489,19.535,24.04,11.491,9.354,11.579,11.334,4.942,18.073,129.497452,154443.5,1.49,2253.5,0,61.6,0.16458,-0.14872389
1951.5,351.8,207.8,30.2,93.2,84.4,62,52.2,34.8,17.4,78.3,54.3,48.1,14.701,15.08,51.111,18.524,9.878,10.98513371,21.336,19.693,24.263,11.555,9.423,11.614,11.355,5.013,18.067,128.9251294,155100.9219,1.6,2283,0,60.9,0.283487,-0.023297718
1951.75,356.6,211.7,30.4,95.5,85.9,57.1,52.4,34.6,17.7,83.6,59.3,52.9,14.869,15.279,51.609,18.758,10.028,11.13719605,21.353,19.895,24.527,11.659,9.554,11.784,11.521,5.078,18.261,129.2386328,155769.6719,1.61,2312.8,0,64.6,0.244909,0.339611329
1952,360.2,213.1,30.8,94.8,87.6,58.1,53.4,35.1,18.3,85.3,60.9,53.5,14.863,15.343,51.968,18.777,10.097,11.17959532,21.192,19.981,24.634,11.711,9.467,11.623,11.3,5.116,18.205,129.7321137,156522,1.57,2342.2,-0.5,64.7,0.20743,0.608241975
1952.25,361.4,217.2,31,96.6,89.6,53,54.5,35.8,18.8,89.2,64.1,57,14.882,15.34,51.356,18.706,10.177,11.20003603,20.897,20.065,24.686,11.808,9.588,11.77,11.445,5.216,18.188,129.2311035,157142,1.65,2371.4,-4.6,64.8,0.326055,0.103857425
1952.5,368.1,219.7,29.5,98.5,91.8,57.2,51.6,32.9,18.8,91.2,66.2,58.7,15.048,15.44,51.884,18.739,10.285,11.26743115,21.412,20.098,24.622,11.918,9.697,11.86,11.533,5.303,18.379,129.7640013,157801,1.78,2400,0.8,65.3,0.351199,0.130259076
1952.75,381.2,227.9,33.7,100.3,93.8,60.7,55.5,35.8,19.6,93.7,68.1,60.5,15.091,15.466,50.651,18.817,10.365,11.33398402,21.202,20.059,24.631,11.846,9.801,12.038,11.707,5.424,18.402,132.1717913,158505,1.89,2427.7,0,68.4,0.370502,0.690965387
1953,388.5,231.5,35.2,100.5,95.8,61.7,57.8,37.8,20,96,69.7,61.3,15.096,15.526,51.127,18.735,10.474,11.36615095,21.07,20.076,24.651,11.857,9.743,11.893,11.536,5.519,18.386,132.6451367,159164,1.98,2453.6,-7.5,70.1,0.372733,-0.527035576
1953.25,392.3,233.2,35,100.6,97.6,62.1,58.5,38.5,20.1,98.2,71.9,62,15.125,15.55,51.179,18.657,10.554,11.3843896,21.107,20.189,24.846,11.872,9.759,11.936,11.573,5.573,18.39,132.4946774,159752,2.15,2477.7,-4.4,70.5,0.369376,0.2132847
1953.5,391.7,233.9,34.6,99.8,99.5,61.4,59.1,39.6,19.5,96.9,70,61,15.188,15.635,50.852,18.696,10.693,11.47055848,21.32,20.344,25.027,11.975,9.733,11.897,11.507,5.656,18.479,131.6241375,160450,1.96,2500.6,-11.7,69.5,0.447183,0.052111117
1953.75,386.5,233.4,33.7,100,99.8,56.4,58.5,39.2,19.3,97,69.5,60.3,15.219,15.703,50.962,18.69,10.798,11.52481589,21.115,20.296,24.992,11.925,9.775,11.981,11.585,5.653,18.5,130.013777,161218,1.47,2522.5,-1,64.3,0.520549,0.054739719
1954,385.9,235.4,32.9,101.3,101.3,55.7,57.7,38.3,19.4,95.1,66.8,57.4,15.266,15.782,51.395,18.753,10.86,11.57731145,20.991,20.312,25.096,11.857,9.834,12.102,11.741,5.69,18.55,128.9205352,161909,1.06,2543.3,0,61.6,0.651205,0.146372834
1954.25,386.7,238.2,33.6,101.3,103.2,55.4,58.8,38.2,20.7,92.8,63.7,55.2,15.281,15.761,50.112,18.815,10.881,11.60760345,20.94,20.391,25.21,11.889,9.935,12.163,11.784,5.774,18.514,127.3596868,162568,0.79,2563.1,0,61.7,0.654187,0.06722306
1954.5,391.6,240.6,33.2,102.2,105.2,59,61.1,38.9,22.2,91.4,61.3,53.2,15.3,15.709,49.29,18.74,10.9,11.59495028,21.245,20.39,25.048,12.028,10,12.244,11.89,5.788,18.52,126.9356899,163295,0.88,2582.5,-5,62.3,0.759879,0.280114316
1954.75,400.3,245.4,35.1,103.4,106.9,62.1,62.5,38.9,23.6,91.6,61.2,52,15.343,15.693,48.991,18.652,10.948,11.59395697,21.447,20.41,25.09,12.025,10.085,12.363,12.012,5.871,18.535,128.1337041,164101,1.02,2601.7,0,64.4,0.885231,0.701322782
1955,413.8,251.8,38.4,104.5,108.8,68.7,64.9,39.5,25.4,92.2,60.7,52.4,15.417,15.744,49.276,18.652,11.011,11.62788154,21.566,20.433,25.057,12.083,10.137,12.501,12.113,5.842,18.639,130.0148403,164805,1.22,2621.6,4.9,68.3,1.044437,0.459707798
1955.25,422.2,256.8,40.7,106.1,110,72.7,68.1,42.1,26,92.8,60.9,51.9,15.481,15.761,49.503,18.598,11.051,11.63283302,21.508,20.568,25.194,12.186,10.31,12.798,12.416,5.913,18.655,131.0306009,165470,1.48,2641.5,0,70.3,0.789213,-1.9123957
1955.5,430.9,261,42.4,106.9,111.7,74.7,70.5,44.8,25.6,94.4,61.9,53.1,15.59,15.823,49.969,18.616,11.105,11.66731761,21.784,20.817,25.581,12.27,10.419,12.892,12.572,5.947,18.792,132.8397342,166199,1.86,2661.8,0,72,0.781788,-0.066844564
1955.75,437.8,265.1,41.4,109,114.6,78.9,71.6,47.1,24.6,93.6,60.5,52.2,15.743,15.867,50.101,18.605,11.172,11.69991126,22.468,21.086,26.091,12.277,10.539,13.036,12.728,5.998,18.976,134.3368794,167016,2.34,2682.4,0,73.7,0.949574,-0.069781452
1956,440.5,266.6,39.7,110.5,116.4,78.3,71.9,47.8,24.1,95.2,61,52.8,15.902,15.932,50.297,18.649,11.237,11.74828012,22.959,21.52,26.802,12.377,10.716,13.214,12.924,6.155,19.173,134.0663865,167745,2.33,2703.7,0.9,74.2,0.820577,-0.791349971
1956.25,446.8,269.3,39.8,111.3,118.2,77,73.4,49.1,24.4,98.6,63.5,55,15.997,16.04,50.411,18.823,11.302,11.83646389,22.76,21.754,27.037,12.566,10.881,13.435,13.134,6.279,19.263,134.4495621,168439,2.57,2725.5,0.6,75.6,0.815806,0.783450035
1956.5,452,272.5,39.7,112.4,120.4,78.3,74.7,50.7,24,98.6,62.8,55.1,16.197,16.196,51.144,19.003,11.397,11.94258224,23.337,22.116,27.688,12.586,10.98,13.5,13.206,6.343,19.52,134.274286,169194,2.58,2747.8,3,75.4,0.952193,-0.303808417
1956.75,461.3,277.9,41.5,113.7,122.7,77.1,74.9,51.4,23.5,101.7,65.2,57.1,16.264,16.292,51.814,19.06,11.467,11.9978337,23.219,22.281,28.049,12.531,11.046,13.554,13.273,6.486,19.583,134.2180956,170053,3.03,2770.5,0.5,78.2,1.078232,-0.612536944
1957,470.6,282.3,42.6,115.4,124.3,77.7,75.6,52.5,23.1,105.7,67.9,58.9,16.485,16.438,52.233,19.236,11.572,12.10814059,23.764,22.494,28.473,12.494,11.236,13.843,13.563,6.618,19.865,133.9094855,170802,3.1,2793.7,0,80.4,1.036933,-0.380354626
1957.25,472.8,284.6,42.2,116.5,126,77.9,75.2,52.6,22.6,106.2,67.5,59.7,16.601,16.543,52.954,19.34,11.626,12.16895127,23.842,22.595,28.626,12.525,11.35,13.948,13.641,6.684,19.987,133.3993457,171504,3.14,2817.5,2.4,79.9,0.903188,-0.227071032
1957.5,480.3,289.2,41.9,119.4,128,79.3,76.5,54.1,22.5,107.8,68.4,60.7,16.701,16.676,52.949,19.546,11.724,12.28454117,23.736,22.747,28.818,12.61,11.425,14.053,13.75,6.744,20.096,133.7425286,172260,3.35,2841.7,0,79.9,0.882697,0.478515851
1957.75,475.7,290.8,41.5,119.1,130.3,71,75.6,53.2,22.3,110.4,70,60.6,16.711,16.762,53.052,19.625,11.81,12.35521191,23.026,22.841,29.035,12.562,11.513,14.225,13.902,6.864,20.067,131.0973472,173061,3.31,2866,10.3,77.1,1.048643,0.187451845
1958,468.4,290.3,39.4,119.9,131.1,66.7,70.7,49.4,21.4,110.2,68.7,60.8,16.892,16.968,53.995,19.938,11.895,12.49566397,23.195,22.661,28.77,12.503,11.591,14.384,14.056,6.91,20.264,128.0271863,173741,1.76,2890.3,0.7,73.6,1.025471,-0.526315108
1958.25,472.8,293.2,38.6,121.2,133.4,65.1,69.3,47.8,21.5,114,71.5,62,16.94,16.999,53.775,19.977,11.936,12.52984782,23.079,22.76,28.939,12.517,11.696,14.515,14.161,6.93,20.264,127.3355287,174404,0.96,2914.1,0,73.5,0.999672,0.119408721
1958.5,486.7,298.3,39.4,123,135.9,72,70.5,47.4,23,115.5,71.9,62.6,17.043,17.012,53.72,19.917,11.993,12.54323665,23.719,22.796,29.006,12.517,11.778,14.634,14.314,7.119,20.4,128.1904045,175146,1.68,2938,0,76.7,0.902185,-0.218503887
1958.75,500.4,302.2,40.7,124.1,137.5,80,74.8,49.3,25.4,118.4,73.9,63.4,17.123,17.007,53.527,19.815,12.053,12.54554222,24.285,22.839,29.075,12.527,11.834,14.725,14.389,7.138,20.501,129.9986193,175957,2.69,2962,0,80.4,0.887336,-0.853803985
1959,511.1,309.9,43.6,126.1,140.1,83.2,79.3,50.9,28.3,117.6,72.3,61.1,17.169,17.125,54.46,19.875,12.141,12.6116972,23.941,22.873,29.115,12.546,11.888,14.718,14.32,7.242,20.515,131.5344253,176679,2.77,2986.1,1.5,84.6,0.985466,0.223974844
1959.25,524.2,315.9,45.5,127.2,143.3,89.4,82.1,52.7,29.4,119,73.6,60.3,17.194,17.193,54.666,19.88,12.229,12.66138594,23.873,22.972,29.297,12.555,11.876,14.693,14.311,7.237,20.529,134.2763627,177367,3,3010.5,0,88.3,0.921773,0.208029235
1959.5,525.2,321.1,46.3,128.2,146.6,83.6,83.2,54.4,28.8,119.9,74.5,61.4,17.258,17.295,54.658,19.966,12.343,12.74974872,23.873,23.044,29.442,12.552,11.868,14.686,14.345,7.331,20.602,133.1336403,178102,3.54,3035.6,0,86.5,0.708385,-1.581014866
1959.75,529.3,323.2,44.1,129.5,149.6,86.5,82.4,54.4,28,119,73.8,60.9,17.326,17.389,54.634,20.04,12.452,12.83190059,23.928,23.086,29.512,12.561,11.877,14.694,14.357,7.429,20.675,133.3476621,178910,4.23,3061.7,0,87.1,0.769888,-0.039010041
1960,543.3,326.7,45.5,129.6,151.7,96.5,85.3,56.3,29,117.4,70.9,60,17.397,17.413,54.556,20.012,12.509,12.85513505,24.242,23.118,29.528,12.599,11.919,14.681,14.342,7.626,20.742,133.2217486,179590,3.87,3089.6,0,95.2,0.704843,0.485736771
1960.25,542.7,332.6,46.4,132,154.2,87.1,83.9,57.2,26.7,118.9,71,59.5,17.443,17.504,54.49,20.156,12.578,12.93599315,24.134,23.158,29.55,12.647,11.935,14.665,14.321,7.594,20.792,134.5786895,180224,2.99,3119.3,2.9,93.9,0.78236,-0.316774332
1960.5,546,332.5,45.9,131.6,155,86.4,82.1,56.2,25.9,122.9,74.1,62,17.506,17.572,54.325,20.215,12.661,12.99947622,23.995,23.153,29.537,12.65,12.053,14.854,14.457,7.587,20.824,134.7691341,180951,2.36,3150.2,0,93.3,0.894373,-2.062790959
1960.75,541.1,334.5,44.7,132.4,157.4,76,81.8,55.9,25.9,124.9,75.3,62.1,17.56,17.65,54.226,20.33,12.728,13.0706309,23.733,23.12,29.46,12.663,12.161,15.029,14.64,7.66,20.87,133.5506322,181789,2.31,3182.1,0,91.8,0.915311,0.572604568
1961,545.9,335,42.2,133.4,159.3,78.4,80.9,55,25.9,126.8,75.3,63.4,17.598,17.683,54.234,20.361,12.76,13.09759027,23.867,23.076,29.42,12.622,12.168,14.978,14.563,7.732,20.907,133.2529462,182516,2.35,3215.1,7.7,91.8,0.947226,-0.433358356
1961.25,557.4,339.9,43.3,134.2,162.4,84.1,82.3,56.2,26.1,127.9,76.2,63.4,17.641,17.681,54.489,20.218,12.816,13.08698496,23.935,23.094,29.4,12.671,12.242,15.028,14.612,7.903,20.93,131.8880644,183220,2.3,3248.5,31.1,93.8,0.961316,1.319127258
1961.5,568.2,342.8,44.6,134.6,163.7,90.9,84.3,56.7,27.6,130.6,78.1,65,17.687,17.745,54.738,20.256,12.878,13.13278924,24.006,23.085,29.379,12.674,12.244,14.967,14.538,7.959,20.976,132.8483719,183964,2.3,3282.6,3.5,95.6,0.844459,-1.028669133
1961.75,581.6,350.1,46.7,136.2,167.3,92.9,86.9,58.5,28.5,134.2,79.9,66.4,17.745,17.765,54.67,20.217,12.933,13.15219753,24.139,23.088,29.399,12.663,12.312,15.038,14.605,8.051,21.041,134.4869388,184774,2.46,3317.2,-1,99.1,0.706147,-1.214979012
1962,595.2,355.4,47.7,137.8,169.8,98.1,88.7,59.7,29,137.8,83.3,69.2,17.837,17.843,54.68,20.296,13.01,13.21842938,24.172,23.106,29.406,12.686,12.404,15.114,14.671,8.129,21.136,136.1760935,185448,2.72,3351.8,2,100.6,0.764709,-0.217608188
1962.25,602.6,361,49,138.7,173.2,96.7,91.3,61.4,29.9,139.1,84.1,68.9,17.866,17.906,54.753,20.35,13.073,13.2695585,24.024,23.125,29.445,12.685,12.461,15.202,14.765,8.227,21.16,137.0351014,186092,2.72,3387.3,0,102.1,0.810226,-0.379022709
1962.5,609.6,364.9,49.6,140,175.4,98.2,92,62.1,29.9,142.7,87,70.4,17.903,17.952,54.933,20.369,13.121,13.30212592,23.978,23.12,29.44,12.68,12.499,15.271,14.841,8.293,21.185,136.6977277,186795,2.84,3423.4,0,104.4,0.884741,-0.244139319
1962.75,613.1,371.1,51.5,141.5,178.1,95,91.6,61.8,29.8,144.2,87.6,70.3,17.938,18.006,54.717,20.475,13.163,13.35651085,23.898,23.098,29.417,12.663,12.543,15.299,14.795,8.394,21.172,135.9457429,187564,2.81,3459.9,0,105.6,0.850838,-0.000662198
1963,622.7,374.7,52.6,142.5,179.7,99.7,92.8,62,30.8,144.4,86.2,69.4,18.017,18.057,54.732,20.505,13.224,13.39966125,23.831,23.102,29.417,12.668,12.732,15.585,15.153,8.441,21.24,136.6000489,188204,2.91,3497.2,0,108.7,0.739177,0.756920887
1963.25,631.8,378.9,53.9,142.8,182.2,101.6,96.8,63.9,32.9,144.8,85.7,68.9,18.047,18.083,54.899,20.485,13.262,13.41540612,23.919,23.068,29.411,12.618,12.757,15.575,15.138,8.481,21.258,137.4114885,188796,2.94,3534.6,0,110.9,0.69549,-0.016992945
1963.5,645,385.8,54.7,145.2,186,104.6,98.9,65.7,33.2,150.6,89.8,70.8,18.069,18.169,55.052,20.635,13.306,13.48346814,23.88,22.997,29.442,12.477,12.704,15.443,14.967,8.606,21.278,137.7609263,189500,3.29,3572.3,-7.1,112.1,0.565276,-1.041480928
1963.75,654.8,390.5,55.7,145.3,189.5,107.2,102.1,67.7,34.5,151.7,89.6,70.9,18.216,18.236,55.226,20.677,13.375,13.53484394,24.176,23.059,29.461,12.561,12.927,15.818,15.394,8.692,21.417,138.4380975,190255,3.5,3610.2,0,113.7,0.56068,-0.554454933
1964,671.1,400.1,58,148.7,193.5,110.5,105.3,69.1,36.2,153.3,90,70.4,18.274,18.324,55.307,20.801,13.441,13.60787546,24.018,22.992,29.472,12.446,13.02,15.972,15.519,8.751,21.453,139.3825076,190858,3.53,3648,-4.6,112.3,0.564363,-0.019922529
1964.25,680.8,408.1,59.5,151.5,197.2,110.5,106.1,71.1,35,155.1,90.1,69.4,18.318,18.366,55.278,20.797,13.509,13.64562345,24.116,23.191,29.617,12.646,13.054,15.989,15.487,8.819,21.491,140.9201149,191453,3.48,3686.1,0,108.6,0.501619,-1.302758185
1964.5,692.8,417,61.4,154.9,200.7,112.6,107.9,73.4,34.5,156.8,90.8,70.2,18.392,18.428,55.218,20.859,13.576,13.70154972,24.015,23.223,29.633,12.684,13.185,16.209,15.694,8.93,21.564,141.6072637,192132,3.5,3724.5,0,111.4,0.630197,0.118708685
1964.75,698.4,419.6,59.4,155.8,204.4,115,110,75.3,34.6,156.9,89.9,69,18.476,18.49,55.113,20.943,13.637,13.76034088,24.286,23.454,29.772,12.955,13.198,16.181,15.656,9.01,21.655,142.592467,192839,3.68,3763.4,0,113,0.62184,0.79243349
1965,719.2,430.3,64.9,157.8,207.6,126.5,115,80.2,34.8,157.8,89.4,68,18.569,18.549,55.125,21.006,13.694,13.81088617,24.4,23.466,29.812,12.938,13.288,16.234,15.71,9.089,21.75,144.3244327,193385,3.89,3803.2,2.2,119,0.674868,0.551138478
1965.25,732.4,437.2,64.8,160.8,211.7,127,118.5,83.4,35.1,160.6,90.1,68.2,18.652,18.642,54.953,21.203,13.752,13.90000392,24.434,23.512,29.885,12.949,13.363,16.317,15.812,9.135,21.837,145.8792448,193895,3.87,3843.4,1.4,120.9,0.716231,0.044234109
1965.5,750.2,446.4,66.7,164.1,215.7,131.2,121.9,86.7,35.3,167.6,94.4,71.2,18.726,18.711,54.68,21.32,13.821,13.97275143,24.391,23.562,29.98,12.946,13.499,16.499,16.017,9.25,21.887,146.0127102,194531,3.87,3884.3,14,119.2,0.871932,-0.410995409
1965.75,773.1,460.4,69.1,170.5,220.7,133.8,126.2,90.6,35.5,173.5,98.7,75,18.853,18.768,54.379,21.368,13.909,14.0367329,24.694,23.826,30.124,13.303,13.709,16.857,16.409,9.361,22.001,147.6923125,195188,4.17,3926,0,122.6,0.989634,0.513137989
1966,797.3,470.8,72.3,174.1,224.4,144.2,130.3,94.4,35.9,177.9,101.2,77.5,18.975,18.914,54.301,21.656,13.996,14.16868536,24.653,23.727,30.104,13.133,13.803,16.885,16.39,9.583,22.125,149.684951,195686,4.61,3968.7,0,132,1.055254,0.110934278
1966.25,807.2,475.9,69.7,177.2,228.9,143.5,131.2,96.8,34.4,182.6,104,79.1,19.131,19.07,54.531,21.84,14.126,14.29538946,24.903,24.119,30.384,13.613,13.901,16.888,16.384,9.751,22.3,150.8347487,196183,4.59,4012.9,1,136.7,1.085284,-0.400677052
1966.5,820.8,485,72.3,179.8,232.9,143.2,131.3,98.3,33,190.4,109.9,85.6,19.317,19.216,54.77,21.994,14.256,14.41352955,25.034,24.122,30.452,13.53,14.115,17.181,16.723,9.91,22.508,151.6890906,196769,5.04,4057.9,11,139.1,1.044082,-0.635394882
1966.75,834.9,490.8,72.6,180.4,237.7,145.9,129.4,99.2,30.2,194.7,111.1,87.7,19.481,19.366,55.021,22.132,14.397,14.53346637,25.351,24.404,30.713,13.82,14.183,17.181,16.693,10.072,22.708,152.1258547,197392,5.21,4103.5,21.8,141.8,1.132646,0.554930569
1967,846,495.1,71.1,182.4,241.6,142.8,127.4,98,29.4,203.6,117.9,92.2,19.562,19.423,54.907,22.126,14.496,14.58855985,25.446,24.496,30.853,13.835,14.239,17.122,16.62,10.16,22.78,152.7098798,197888,4.51,4149.8,38.8,142.6,1.122807,0.993850896
1967.25,851.1,504.2,74.5,184,245.7,137.5,131.2,98.3,32.9,204.8,117.9,93.5,19.661,19.514,55.145,22.161,14.601,14.65872436,25.419,24.613,31.021,13.869,14.383,17.307,16.821,10.346,22.861,151.8880986,198369,3.66,4196.2,6,143.7,1.264555,0.926968157
1967.5,866.6,511.4,74.7,185.8,251,142.8,133.6,98.8,34.8,209.4,120.9,96.7,19.849,19.694,55.751,22.393,14.714,14.78923492,25.654,24.769,31.23,13.941,14.543,17.463,16.998,10.46,23.082,152.8222581,198912,4.3,4242.6,3.8,147.2,1.121487,0.842224023
1967.75,883.2,518.9,75.6,187.9,255.4,147.7,139.2,101.7,37.5,214.4,123.1,97.7,20.067,19.862,56.312,22.542,14.853,14.91139283,25.96,25.064,31.531,14.197,14.769,17.772,17.346,10.583,23.292,153.5876081,199489,4.75,4288.9,-10,151.5,1.126457,0.0109751
1968,911.1,536.9,80.9,193.5,262.5,152.3,143.9,105.6,38.3,220.9,126.3,100.5,20.29,20.071,56.674,22.775,15.03,15.07908898,26.248,25.331,31.784,14.454,14.953,17.922,17.439,10.895,23.546,153.8893679,199928,5.05,4334.4,5,160.3,1.047551,0.461026193
1968.25,936.3,550.6,83.1,197.8,269.7,158.9,144.9,105.3,39.6,224.8,127.1,101.5,20.504,20.275,57.018,22.99,15.209,15.24288505,26.386,25.572,32.091,14.588,15.139,18.126,17.636,11.085,23.793,155.1668376,200368,5.52,4380,-23.3,165,0.985562,-0.578469074
1968.5,952.3,566.7,87.5,202.8,276.3,155.7,148,107.6,40.4,228.6,128.5,101.5,20.706,20.485,57.493,23.21,15.384,15.40577314,26.569,25.727,32.352,14.599,15.349,18.429,17.933,11.292,23.971,156.1979617,200900,5.2,4425.4,0,176.1,0.923922,1.382716618
1968.75,970.1,575.6,87.8,205,282.8,160.8,154.8,112.2,42.6,232.7,129.7,102,20.999,20.713,58.021,23.453,15.572,15.58265685,27.14,26.28,32.831,15.176,15.606,18.689,18.175,11.516,24.303,156.8113482,201459,5.59,4470.6,0,180.9,0.939437,0.141356783
1969,995.4,587.8,90,208.8,289,172.4,160.9,116,44.9,235,129.6,101.3,21.217,20.917,58.364,23.629,15.771,15.74722987,27.485,26.585,33.1,15.488,15.725,18.724,18.193,11.572,24.564,158.7665087,201888,6.09,4515.6,0,190.3,0.857978,-0.102738729
1969.25,1011.4,599.2,90.4,212.2,296.5,172.7,163.5,118.4,45.1,238.2,129.7,100.9,21.488,21.186,58.806,23.958,15.987,15.96440304,27.701,26.873,33.414,15.712,15.988,18.984,18.468,11.869,24.876,159.2201178,202333,6.2,4560.2,0,193.4,0.710779,0.05772507
1969.5,1032,609.5,90.6,216,302.9,177.6,167.4,122.4,45,244,133.3,103.5,21.79,21.446,59.092,24.293,16.2,16.18148827,27.912,27.12,33.786,15.779,16.337,19.475,18.941,12.123,25.134,159.8072304,202881,7.02,4604.2,0,191.1,0.593361,0.334617771
1969.75,1040.7,621.5,90.8,219.7,310.9,171.6,165.8,123.3,42.5,244.3,131.9,102.7,22.071,21.695,59.461,24.551,16.425,16.38425253,28.339,27.475,34.207,16.017,16.578,19.716,19.163,12.378,25.428,159.4093069,203492,7.35,4647.5,0,192.5,0.539182,0.251708847
1970,1053.5,632.6,89.6,224.5,318.5,168.1,166.3,123.8,42.5,249.4,133.5,102.8,22.382,21.947,59.568,24.867,16.648,16.60191439,28.62,27.697,34.593,16.004,17.004,20.292,19.681,12.613,25.673,158.2140252,204004,7.21,4689.6,-5,186.4,0.410653,0.115201589
1970.25,1070.1,642.5,91,226.5,325,171.5,166.4,125,41.4,250.7,131.7,99.6,22.694,22.19,59.806,25.112,16.88,16.80530524,29.125,28.292,35.161,16.595,17.291,20.556,19.903,12.77,25.997,157.0893512,204613,6.68,4730.3,-3,187.4,0.258408,1.249993582
1970.5,1088.5,654.5,92,229.7,332.8,173.9,168.8,126.3,42.6,256.2,132.3,99.9,22.88,22.406,60.244,25.281,17.09,16.97500662,29.068,28.231,35.387,16.145,17.593,20.907,20.248,12.995,26.151,155.7554903,205296,6.33,4770.3,0,183.8,0.394859,1.00756887
1970.75,1091.5,661.2,87.3,234.5,339.4,166.8,170.7,123.5,47.2,260.4,133.5,100.5,23.182,22.696,61.245,25.508,17.342,17.18525953,29.436,28.558,35.851,16.27,17.867,21.17,20.505,13.154,26.482,154.9834037,206017,5.35,4809.6,0,182.9,0.336306,-0.647709545
1971,1137.8,680.2,98.1,235.8,346.3,189.5,177.2,126.3,51,263.7,133.3,99.5,23.536,22.911,62.106,25.55,17.576,17.33402646,29.958,29.049,36.353,16.693,18.362,21.841,21.174,13.404,26.776,155.3607921,206663,3.84,4848.4,0,187.5,0.541118,0.518743596
1971.25,1159.4,694.3,101,238.8,354.4,197.3,186.5,129.5,57,268,134.2,97.8,23.846,23.172,62.542,25.817,17.808,17.54356913,30.336,29.454,36.773,17.029,18.702,22.25,21.56,13.552,27.092,155.8157178,207262,4.25,4886.5,0,190.4,0.521521,0.918437548
1971.5,1180.3,706.7,103.4,240.4,362.8,202.1,191.9,131.2,60.7,271.7,135.5,97.4,24.088,23.399,62.399,26.042,18.058,17.7523895,30.69,29.795,37.095,17.34,18.968,22.567,21.884,13.787,27.335,155.6424794,207885,5.01,4924.5,0,190.8,0.403487,-1.158671375
1971.75,1193.6,722.9,107.3,243.6,372,198.4,198.7,134.7,64,274,134.7,97.2,24.288,23.544,62.078,26.207,18.228,17.89779143,30.971,30.068,37.329,17.609,19.258,23.026,22.412,13.888,27.491,156.4708408,208547,4.23,4962.8,0,194.1,0.431898,0.249266435
1972,1233.8,740.1,110.7,247,382.4,213,209.7,140.6,69.2,284.3,141.4,101.4,24.664,23.792,62.612,26.49,18.428,18.09294464,31.187,30.44,37.752,17.863,19.887,24.01,23.645,14.24,27.812,158.8463513,209063,3.44,5001.9,0,213.1,0.548768,-0.671054908
1972.25,1270.1,758.6,114.1,254.3,390.2,226.8,214.8,144,70.8,289,144.6,103.7,24.815,23.93,62.931,26.552,18.58,18.20004446,31.428,30.648,38.043,17.954,20.096,24.222,23.853,14.401,27.939,159.5072406,209552,3.77,5041.4,0,216.5,0.434413,-0.641276442
1972.5,1293.8,777.1,117.6,260.1,399.4,233.1,219.4,147,72.4,286.3,138.5,97.4,25.048,24.141,63.25,26.786,18.764,18.37245183,31.848,30.95,38.284,18.263,20.313,24.366,23.965,14.553,28.191,160.50626,210083,4.22,5081.7,0,219.4,0.387504,0.339481842
1972.75,1332,801.9,123.4,268.1,410.4,239.7,232.2,155,77.3,293.5,141.7,100,25.366,24.339,63.046,27.095,18.94,18.56040765,32.548,31.387,38.51,18.833,20.667,24.894,24.512,14.85,28.505,161.6227195,210652,4.86,5123,0,227.1,0.331516,0.748474953
1973,1380.7,826.5,131.8,275.5,419.2,254.3,243.8,162.8,80.9,301.3,145.9,103,25.661,24.635,63.303,27.676,19.1,18.81231173,32.619,31.704,38.838,19.09,21.048,25.333,24.928,15.283,28.793,163.4598645,211120,5.7,5165.8,0,242.5,0.364931,0.449291337
1973.25,1417.6,842,131.3,281.4,429.4,268.2,250,171.3,78.7,304.9,146.5,103.4,26.052,25.11,63.808,28.513,19.398,19.21448524,32.994,32.267,39.388,19.582,21.404,25.744,25.386,15.494,29.23,165.0082791,211581,6.6,5210.6,0,246.5,0.156983,-0.801341321
1973.5,1436.8,860.5,130.8,289.9,439.8,264.3,254.6,176.6,77.9,305.6,143.4,99.6,26.549,25.569,64.137,29.241,19.736,19.61092272,33.742,32.957,40.004,20.257,21.726,26.194,25.894,15.782,29.84,165.9821974,212097,8.32,5256.5,-5,249.6,0.201664,0.076854107
1973.75,1479.1,875.6,128.2,297.7,449.7,280.9,255.9,180.1,75.7,313.7,146.5,102.2,27.077,26.094,64.368,30.142,20.106,20.07236966,34.618,33.411,40.492,20.618,22.156,26.751,26.376,16.077,30.463,166.5024599,212631,7.5,5303.7,5,258.4,0.154761,-0.647499158
1974,1494.7,893.8,126.7,308.9,458.3,268.4,255.8,183.4,72.4,326.1,151.9,105.4,27.592,26.87,65.114,31.699,20.518,20.73193553,35.081,34.087,41.268,21.095,22.612,27.041,26.75,16.366,31.12,166.7818037,213072,7.62,5352.1,0,265.9,0.330915,-0.171371084
1974.25,1534.2,922.3,130.6,318,473.7,277.4,260,188.8,71.2,337.3,154.7,108.7,28.248,27.631,66.777,32.858,21.003,21.32934828,36.407,35.077,42.56,21.594,23.233,27.566,27.184,16.875,31.925,166.0989545,213520,8.15,5402.1,0,276.4,0.373014,-0.973942513
1974.5,1563.4,951.1,136.3,327.7,487.1,271,265.4,194.5,70.9,348.3,159.5,109.4,29.067,28.376,69.313,33.782,21.49,21.86615147,37.514,36.412,44.288,22.277,23.963,28.292,27.975,17.421,32.951,166.0373448,214047,8.19,5452.5,0,287.5,0.445332,0.67091321
1974.75,1603,960.9,127.1,330.9,502.8,281.3,260.9,197.6,63.3,360.8,166.4,113.3,29.923,29.095,71.446,34.736,21.964,22.40236951,38.708,37.821,46.204,22.859,24.712,29.252,28.873,17.856,33.974,164.4493486,214619,7.36,5502.9,0,284.2,0.414589,-0.61149428
1975,1619.6,987.1,131.8,336.2,519.1,244.3,254.3,193.1,61.2,371.7,167.6,113.9,30.601,29.641,72.505,35.225,22.466,22.83651226,40.067,39.088,47.901,23.412,25.18,29.757,29.308,18.441,34.8,160.7135623,215065,5.75,5552.4,0,277.8,0.49296,-0.11745679
1975.25,1656.4,1015.8,136.7,344.8,534.3,243.3,257.2,193.3,64,375.8,169,113.8,31.059,30.003,73.77,35.347,22.838,23.09676607,41.123,39.99,49.115,23.798,25.628,30.188,29.657,18.826,35.281,159.8956801,215548,5.39,5600.4,0,244.8,0.73554,-1.050679907
1975.5,1713.8,1049.6,146.8,356,546.8,265.2,266.6,197.8,68.8,387,174.9,118.7,31.612,30.564,74.561,36.133,23.262,23.55888001,41.602,40.453,49.737,24.007,25.981,30.627,30.074,19.087,35.925,160.8588809,216187,6.33,5647.9,0,288.2,0.763685,1.436471278
1975.75,1765.9,1078.5,153.4,359.7,565.5,276.2,275.9,202.9,73,397.3,179.7,121.5,32.139,31.077,75.713,36.597,23.72,23.95943227,42.157,41.046,50.411,24.438,26.428,31.32,30.763,19.464,36.485,162.8930037,216763,5.63,5694.9,0,296.5,0.615084,-0.279261128
1976,1824.5,1112.3,163.3,367.4,581.6,304.6,289.9,209.5,80.4,402.9,180.5,121.5,32.473,31.422,76.763,36.646,24.114,24.21479664,42.401,41.446,50.966,24.595,26.745,31.734,31.163,19.882,36.817,164.8513281,217242,4.92,5741.1,4,312.1,0.688808,0.081286732
1976.25,1856.9,1132,165.9,373.1,593,322.3,299.9,215,84.8,403.2,182,122.8,32.803,31.686,77.636,36.645,24.426,24.40622047,43.152,42.167,51.619,25.317,27.034,32.032,31.516,20.243,37.172,165.1892785,217691,5.16,5787.1,0,319,0.870647,-0.013492078
1976.5,1890.5,1161.3,169.8,380.6,610.9,328.3,307.5,222.6,84.9,404.9,183.6,123.9,33.226,32.167,78.591,37.101,24.859,24.78914296,43.803,42.76,52.305,25.728,27.287,32.415,31.947,20.621,37.671,165.8944671,218236,5.15,5833.6,0,326.7,0.819665,-0.394321965
1976.75,1938.4,1195.1,175.5,389.6,630,337.6,327.1,230.2,96.9,412.3,189,127,33.815,32.675,79.927,37.582,25.286,25.17490096,44.715,43.428,53.068,26.198,27.774,33.227,32.78,21.119,38.337,167.0839139,218828,4.67,5880.8,0,332.6,0.821155,-0.049573335
1977,1992.5,1230.6,183.9,396.5,650.2,360.3,345.5,243.3,102.2,422.7,192.9,129.9,34.359,33.265,80.824,38.27,25.787,25.65926188,45.603,44.335,54.101,26.84,28.233,33.656,33.249,21.514,38.925,167.9382998,219342,4.63,5930,0,347.3,0.813398,-0.326876793
1977.25,2060.2,1258.5,189.2,403.7,665.6,389.7,370.2,253.7,116.5,433.1,197.7,132.9,34.841,33.834,81.234,38.971,26.297,26.15256011,46.023,45.159,54.912,27.563,28.641,33.998,33.587,21.869,39.431,171.2360391,219863,4.84,5980.4,0,361.3,0.916954,-0.663261325
1977.5,2122.4,1289.7,194,409.9,685.8,414.1,383.3,263.3,120,439.1,200,133.7,35.27,34.345,82.073,39.375,26.805,26.56955101,46.553,46.157,55.857,28.475,28.978,34.176,33.744,22.325,39.864,172.7926607,220462,5.5,6032,-5,367.9,0.850206,-1.059462789
1977.75,2168.7,1327.9,200.7,423.6,703.6,422.3,398.2,275.9,122.2,448.1,204.5,134.9,36.036,34.836,83.166,39.835,27.238,26.95414347,48.692,47.144,56.818,29.357,29.636,35.186,34.849,22.692,40.69,174.3863955,221105,6.11,6084.8,0,379,0.900604,0.17220361
1978,2208.7,1357.8,198.2,431.1,728.5,434.8,409.3,282.4,126.9,454.8,207.7,137.4,36.573,35.415,84.352,40.365,27.763,27.41341759,49.174,48.033,57.647,30.201,30.043,35.652,35.361,23.442,41.425,175.0353766,221633,6.39,6139,0,389,0.965008,0.338958777
1978.25,2336.6,1415.3,216.2,444.8,754.3,470.6,446.3,309.3,137,473.3,214.8,141.9,37.242,36.145,85.636,41.333,28.321,28.00386841,49.976,49.023,58.603,31.105,30.457,36.041,35.769,23.689,42.11,180.0280994,222182,6.48,6196.5,0,417.4,1.140771,1.936232576
1978.5,2398.9,1446.2,216.7,455.6,773.9,492.4,467.4,325.1,142.3,484,218.6,144.4,37.865,36.781,87.028,42.011,28.851,28.50392601,50.809,49.983,59.565,31.945,30.9,36.546,36.301,24.061,42.759,180.7661826,222814,7.31,6254.5,0,435.4,1.104037,-0.998033782
1978.75,2482.2,1485.4,222.3,469.4,793.7,515.8,487.3,341.4,145.8,497.4,225.8,148.4,38.661,37.477,88.56,42.728,29.438,29.04914598,52.019,50.992,60.6,32.802,31.47,37.429,37.163,24.64,43.672,182.8228756,223473,8.57,6312.1,0,453.5,1.105498,-0.294690906
1979,2531.6,1521,223.3,484.6,813.1,525.8,502,356.7,145.3,502.9,229.1,151.1,39.352,38.181,90.014,43.92,29.853,29.60736924,52.945,52.069,61.885,33.485,32.096,37.943,37.684,25.397,44.492,183.2889591,224051,9.38,6368.6,11,469.6,1.014135,-0.257998841
1979.25,2595.9,1561.5,222.1,500.1,839.4,539.3,511.9,364.3,147.6,517.3,234.9,156,40.304,39.222,91.611,45.41,30.626,30.46258408,54.352,53.409,63.259,34.64,32.676,38.454,38.204,25.979,45.7,183.0982986,224638,9.38,6422.5,0,480.9,0.976646,0.336896655
1979.5,2670.4,1616,230.9,522.3,862.7,545.6,533.5,383,150.5,531.8,238.8,158.4,41.165,40.194,92.671,46.884,31.352,31.2845115,55.933,54.707,64.606,35.749,33.55,39.14,38.954,26.577,46.664,185.5931634,225299,9.67,6473.9,0,493.6,1.06826,1.104188378
1979.75,2730.7,1659.5,229,539.4,891,547.9,539.3,391.3,148,550.2,248.1,165.7,41.986,41.165,94.345,48.16,32.103,32.07234379,57.18,55.823,65.833,36.619,34.484,40.628,40.494,27.217,47.523,186.1159523,226024,11.84,6522,0,504,1.233999,0.339197497
1980,2796.5,1706.5,232.1,559.9,914.5,554.6,544.7,404.5,140.2,571.2,259.7,173.3,42.859,42.398,97.111,50.02,32.9,33.03531468,58.279,57.128,67.317,37.576,35.258,41.338,41.302,28.049,48.536,185.5004242,226652,13.35,6564.5,169.1,518.9,1.332472,2.328209821
1980.25,2799.9,1708.9,211.9,565.9,931.1,519.3,511.5,394.7,116.9,586.9,271,177.6,43.8,43.435,99.405,51.246,33.71,33.84727096,59.642,58.444,68.866,38.459,36.099,42.161,42.201,28.76,49.607,183.2382733,227278,9.62,6600.4,0,515.8,1.163043,-1.846667334
1980.5,2860,1767.7,225.4,576.5,965.8,495.1,528.9,405.7,123.2,591.8,272,180.3,44.808,44.449,101.223,52.334,34.58,34.66249175,60.875,59.703,70.325,39.34,36.945,42.92,42.888,29.441,50.738,182.6764417,227955,9.15,6634.3,0,535.5,1.222398,1.310307684
1980.75,2993.5,1835.4,236.2,591.3,1007.9,551.5,560.6,422.8,137.8,613.4,286.8,192.6,46.046,45.547,102.965,53.463,35.56,35.55744484,62.021,60.967,71.768,40.255,38.292,45.011,45.122,30.215,51.996,184.6384408,228603,13.61,6667.6,0,564.6,1.351877,2.030190991
1981,3131.8,1890.7,246,614,1030.6,619.4,580.6,443,137.6,636,296.5,198.9,47.196,46.675,104.284,55.038,36.444,36.50207028,63.745,62.553,73.694,41.194,39.19,45.667,45.683,30.989,53.342,185.2763306,229077,14.39,6702.2,74.5,607.7,1.235064,-0.187640687
1981.25,3167.3,1921.9,240.9,622.8,1058.1,609.8,598.1,462.9,135.3,649,309.4,208.1,48.081,47.454,106.253,55.58,37.182,37.09956537,65.481,63.932,75.461,41.827,39.868,46.333,46.439,31.56,54.353,184.2982297,229580,14.91,6740.9,0,617.5,1.186444,0.397470692
1981.5,3261.2,1961.2,251.9,629.1,1080.2,652.3,608.3,482.1,126.2,655.2,312.5,212.1,48.946,48.231,107.819,56.016,37.991,37.7153331,66.321,65.015,76.843,42.317,40.405,47.037,47.164,32.227,55.339,183.5435605,230188,15.05,6781.9,0,634.6,1.069933,-0.083095829
1981.75,3283.5,1976.1,236.8,635.7,1103.6,643.4,618.6,503.8,114.8,678.8,328.5,225.6,49.863,48.964,109.208,56.386,38.779,38.30120412,67.839,66.356,78.518,42.985,41.39,48.704,49.067,32.734,56.251,184.5071152,230817,11.75,6825.5,0,624.5,1.066199,-1.190044232
1982,3273.8,2014.4,246.4,639.9,1128.1,588.3,609.8,500.1,109.7,687.4,332.5,230.1,50.561,49.584,110.105,56.65,39.484,38.80868474,68.818,67.565,80.03,43.578,41.959,49.26,49.578,33.594,56.998,181.6159703,231313,12.81,6875,0,618.1,1.070602,-0.73001167
1982.25,3331.3,2041.1,249.2,638.7,1153.1,593.6,597.8,490.1,107.7,701,339.5,239.3,51.17,50.056,110.945,56.647,40.09,39.18858203,69.527,68.416,81.005,44.219,42.51,49.804,50.138,33.943,57.662,182.9194927,231815,12.42,6925.8,0,624.6,1.16832,-0.185726304
1982.5,3367.1,2089.2,252.1,649.7,1187.4,593,587.2,478.7,108.4,714.5,347.6,245.8,51.907,50.843,111.328,57.378,40.891,39.87290034,70.112,68.854,81.501,44.556,43.063,50.345,50.676,34.425,58.441,181.6145833,232393,9.32,6978.1,0,614.7,1.241819,0.086255628
1982.75,3407.8,2150.9,264.4,656.7,1229.8,549.2,589.1,471.5,117.5,737.2,362.9,255.9,52.483,51.407,111.641,57.408,41.654,40.36168438,70.387,69.041,81.689,44.753,43.732,51.272,51.611,34.906,58.944,180.5113561,232990,7.91,7031.2,0,617.2,1.201152,-0.823321387
1983,3480.3,2190.6,268.9,657,1264.7,565.5,600.6,462.1,138.5,748.8,370.1,259.3,52.907,51.85,112.434,57.246,42.284,40.72078357,70.033,68.827,81.254,44.989,43.997,51.483,51.852,35.26,59.37,181.6725483,233469,8.11,7082.2,0,624.3,1.297998,0.15895987
1983.25,3583.8,2254.5,289.6,673,1291.9,613.8,621.4,466.4,155,761,378.8,267.1,53.265,52.328,112.85,57.962,42.655,41.13002829,69.817,68.624,80.88,45.106,44.267,51.535,51.93,35.637,59.684,183.4278462,233940,8.4,7133.3,0,649.9,1.282066,0.256464681
1983.5,3692.3,2324.3,302.4,688.4,1333.5,652.3,656.5,485.4,171.1,780.9,391.7,271.7,53.823,53.018,113.47,58.399,43.417,41.71928085,69.819,68.636,80.754,45.362,44.691,52.028,52.431,35.796,60.278,186.2584509,234503,9.14,7185.2,0,644.1,1.252642,-0.241398836
1983.75,3796.1,2376.7,319.3,696.5,1360.9,718.5,694.6,514.7,179.9,772.3,380.1,279.2,54.219,53.371,114.182,58.373,43.868,41.99866466,70.088,68.781,80.748,45.757,44.953,52.258,52.77,36.29,60.642,188.3661349,235073,8.8,7238.3,0,660.8,1.268921,-0.724775501
1984,3912.8,2422.8,331.4,706.5,1384.9,790.9,717.9,531.5,186.4,794.2,391.1,286.2,54.796,53.948,114.227,59.056,44.429,42.52030431,70.352,68.929,80.815,46.043,45.69,53.194,53.787,36.728,61.136,191.7356883,235529,9.17,7293.7,0,694.2,1.162863,0.088204641
1984.25,4015,2481.2,341.3,722.4,1417.6,818.9,749.6,558.3,191.3,819.2,406.9,292.6,55.257,54.474,114.946,59.094,45.103,42.9557646,70.553,69.267,81.114,46.436,46.097,53.639,54.206,37.071,61.554,194.4092284,235997,9.8,7351.7,0,707.2,1.280896,0.059903785
1984.5,4087.4,2519.7,342.1,724.6,1453.1,838.9,767.5,576.6,190.9,832.7,409.5,294,55.705,54.897,115.181,59.229,45.639,43.32760952,70.743,69.545,81.29,46.88,46.471,54.004,54.518,37.593,61.96,195.1059053,236552,10.32,7411.5,0,714.1,1.315059,0.521769782
1984.75,4147.6,2568.9,353.8,732.8,1482.3,831.7,783.8,590.9,192.9,854.7,423,305.8,56.079,55.239,115.398,59.443,46.029,43.6268403,71.065,69.769,81.386,47.322,46.807,54.248,54.725,37.913,62.303,195.8086949,237150,8.8,7472.7,0,729.2,1.352774,-0.241670665
1985,4237,2643.9,368,742.4,1533.5,809.9,793.6,599.4,194.2,874.5,432.2,310.9,56.724,55.9,115.99,59.856,46.771,44.19825919,71.146,70.017,81.643,47.542,47.325,54.804,55.155,38.424,63.026,197.1309902,237601,8.18,7535.7,0,782.1,1.365379,0.558666906
1985.25,4302.3,2691.2,373.3,752.8,1565.2,827,805.4,609.1,196.3,898.5,443.8,320.5,57.075,56.371,116.258,60.223,47.285,44.61398134,71.438,70.152,81.788,47.65,47.516,54.709,54.963,38.821,63.355,198.297553,238081,7.46,7599.8,0,745.8,1.362855,-0.565308862
1985.5,4394.6,2764.7,396.5,760.5,1607.8,822.2,805.9,604.4,201.4,924.6,458.7,333.8,57.406,56.82,116.055,60.345,47.909,45.0411854,71.503,70.479,82.095,47.998,47.771,54.824,55.123,39.451,63.628,199.174376,238681,7.11,7664.6,0,783.7,1.341246,-0.35345805
1985.75,4453.1,2790.9,383.8,773.3,1633.8,859.5,826.4,618.1,208.4,936.1,462.4,338.7,57.738,57.211,116.345,60.823,48.265,45.38296815,72.097,70.931,82.456,48.591,48.21,55.33,55.654,40.224,63.878,200.2402183,239299,7.17,7729.7,0,791.3,1.253044,0.293803604
1986,4516.3,2834.7,391.6,779.3,1663.9,863.5,833.1,613.5,219.5,944.2,459.7,335.1,58.02,57.621,116.356,60.52,48.971,45.76004173,72.446,71.297,82.668,49.199,48.222,55.124,55.357,40.742,64.109,199.9300844,239785,6.9,7794.1,0,802.2,1.295512,0.165139569
1986.25,4555.2,2863,407.3,767.5,1688.3,855.2,839.6,605,234.6,965.8,474.5,347.8,58.252,57.553,116.881,59.078,49.367,45.66389916,73.032,71.838,83.209,49.711,48.345,55.157,55.261,41.177,64.239,200.6052002,240275,6.14,7858.3,0,805.4,1.203722,-0.448173355
1986.5,4619.6,2929.7,445.7,771,1713,835.8,842.8,602,240.9,993,492.9,362,58.487,57.846,117.853,59.231,49.635,45.87138067,73.348,72.439,83.752,50.363,48.597,55.25,55.31,41.664,64.375,200.9585844,240858,5.52,7922.5,0,819.6,1.195096,-0.095275011
1986.75,4669.4,2966.1,441.1,779,1746,842.1,854.8,610.6,244.3,994.8,486.4,351.9,58.813,58.192,118.522,59.36,50.021,46.14848371,73.674,72.904,84.134,50.932,48.971,55.369,55.383,42.206,64.627,202.6874593,241454,5.35,7986.8,-89.4,844.5,1.17473,0.397898671
1987,4736.2,2998.3,418.5,797.4,1782.4,871.2,843.2,596.6,246.7,1008,489.6,358.7,59.24,58.814,119.53,60.681,50.325,46.65821132,74.22,73.178,84.195,51.522,49.308,55.317,55.505,42.423,65.02,204.9817913,241931,5.54,8051,0,848.1,1.105911,0.845356123
1987.25,4821.5,3068.8,439.1,812.3,1817.4,874.6,858.1,608.4,249.7,1025,499.2,369.3,59.637,59.374,120.474,61.347,50.791,47.11497729,74.47,73.343,84.166,51.974,49.689,55.498,55.648,42.723,65.379,205.5099014,242428,5.66,8115.2,0,917.3,1.041641,-1.025204922
1987.5,4900.5,3133.5,460.5,820.7,1852.3,876.5,875.5,625.5,250,1036,502.2,376.1,60.07,59.931,121.342,61.929,51.293,47.57488912,74.62,73.557,84.193,52.466,50.103,55.771,55.892,43.183,65.862,206.1947414,243013,6.04,8179.5,0,908.9,1.08046,0.092668858
1987.75,5022.7,3167.6,449.9,826.8,1890.9,946.5,883.4,630.5,252.8,1054,509.8,375.7,60.567,60.457,121.842,62.315,51.857,48.02864132,75.438,74.254,84.982,52.978,50.364,56.015,56.091,43.727,66.194,209.3103462,243631,5.86,8244,0,923.7,0.97542,-0.011349336
1988,5090.6,3249,470.4,838.4,1940.2,908.6,891.6,641.5,250.1,1057,504,376.3,61.043,60.926,121.635,62.515,52.481,48.47778377,76.069,74.902,85.772,53.36,50.852,56.816,56.852,44.514,66.733,209.7707957,244130,5.72,8308.7,-242,942.4,1.00667,-0.326382023
1988.25,5207.7,3309,473.2,853.5,1982.2,934.5,914.9,659.4,255.5,1070.8,505.4,378.5,61.633,61.599,122.312,63.143,53.151,49.05688848,76.422,75.382,86.231,53.845,51.333,57.338,57.331,45.066,67.278,212.7127958,244620,6.21,8373.7,0,951.3,0.952398,1.512577775
1988.5,5299.5,3378.3,470.4,870.8,2037.2,942,923.8,666.3,257.5,1078.4,505.8,377.6,62.359,62.358,123.185,63.977,53.851,49.7035299,76.607,75.765,86.598,54.231,51.659,57.594,57.597,45.649,68.12,212.9644384,245242,7.01,8439,0,967.5,0.978879,0.068626323
1988.75,5412.7,3451.3,486.2,886.3,2078.8,962.8,943.6,681.9,261.7,1106.4,520,386.1,62.859,62.983,124.102,64.447,54.485,50.22277118,77.116,76.48,87.407,54.758,52.022,57.691,57.773,45.938,68.609,215.2227851,245878,7.73,8504.5,-58.8,988.6,0.957747,-0.368416124
1989,5527.4,3506.1,486.4,902.5,2117.1,1005.4,957.2,696.3,260.9,1116.9,517.5,379.2,63.55,63.689,124.729,65.33,55.118,50.83750383,77.894,76.908,87.862,55.125,52.754,58.508,58.512,46.123,69.309,217.2170699,246377,8.54,8570.3,0,1032.9,0.990027,0.695385231
1989.25,5628.4,3569.5,493.3,927.7,2148.4,1001,964.7,708.9,255.8,1146.1,531.8,389.5,64.207,64.538,124.83,67.054,55.705,51.61784727,78.307,77.406,88.248,55.798,53.262,58.799,58.779,46.374,70.028,218.453484,246914,8.41,8636.5,0,1033.2,0.933607,0.021305662
1989.5,5711.6,3625.6,505.6,936.3,2183.6,996.5,986.7,731.2,255.5,1164.6,538.5,394.8,64.672,64.906,125.113,66.999,56.224,51.94079211,78.654,77.798,88.747,55.993,53.671,59.124,59.092,46.749,70.442,218.7107946,247577,7.84,8703,0,1046,0.897545,-0.441679613
1989.75,5763.4,3670.1,491.9,951.3,2226.9,995.9,979.4,727.5,251.9,1180.2,537.7,391.1,65.122,65.415,125.523,67.313,56.797,52.38428218,79.19,78.23,89.188,56.399,54.098,59.272,59.195,47.399,70.84,219.8239341,248276,7.65,8769.9,-507.6,1057.8,0.765448,-2.105334154
1990,5890.8,3754.5,515.4,974.2,2264.9,1010.8,996.9,740.9,256,1214,552.6,399.8,65.841,66.349,126.193,69.018,57.453,53.2048706,79.595,78.707,89.692,56.819,54.79,59.949,60.037,48.459,71.59,219.9895678,248833,7.76,8837,0,1065.1,0.767383,1.181943139
1990.25,5974.7,3800.2,498.4,980.9,2320.9,1014.8,981.1,734.2,246.9,1228.6,559.5,402.5,66.52,66.946,126.207,69.415,58.162,53.75642476,79.874,79.018,90.045,57.046,55.313,60.514,60.518,49.521,72.235,218.7395029,249573,7.75,8904.7,0,1081.3,0.679306,-0.887130883
1990.5,6029.5,3863.4,493.6,1003.1,2366.7,1000.7,978.8,744.3,234.5,1240.4,558,398.5,67.114,67.787,126.262,70.875,58.834,54.52855741,80.332,79.502,90.665,57.263,55.877,60.927,61.051,50.227,72.776,218.798818,250441,7.48,8972.7,0,1096.9,0.71856,-0.238529119
1990.75,6023.3,3884.4,480.9,1018.8,2384.7,947.6,958.9,737.6,221.3,1270.4,570,410.1,67.622,68.676,126.516,72.711,59.423,55.33174112,80.556,79.927,91.263,57.339,56.709,61.838,61.924,50.587,73.287,218.1724361,251343,6.99,9040.7,112.1,1107.2,0.741556,0.084130707
1991,6054.9,3890.2,471.7,1014.1,2404.4,924.6,940.1,729.8,210.3,1287.2,582.9,417.3,68.296,69.016,127.596,72.348,59.927,55.57782599,81.31,80.589,92.155,57.524,57.177,62.675,62.463,50.957,73.918,216.5387016,252132,6.02,9108.8,0,1099.1,0.733286,-0.427538017
1991.25,6143.6,3943.7,475.2,1021.8,2446.7,926.6,944.6,726.8,217.8,1296.6,585.5,417.5,68.764,69.382,127.915,72.466,60.372,55.89512993,81.476,80.727,92.233,57.797,57.391,62.783,62.496,51.885,74.334,215.5572189,252921,5.56,9176.4,0,1101.3,0.753772,0.473470637
1991.5,6218.4,3989.6,484.3,1024.4,2480.9,947.5,946.6,720.1,226.5,1302.4,580.9,411.9,69.269,69.851,128.388,72.53,60.964,56.29643343,81.691,80.799,92.176,58.139,57.862,63.262,63.09,52.465,74.824,215.7458521,253809,5.38,9243.9,0,1110.4,0.705956,0.000861028
1991.75,6279.3,4017.1,477.5,1020.7,2518.9,978.8,947.6,717.6,230.1,1306.5,573.7,401.1,69.643,70.351,128.664,72.895,61.513,56.73838014,81.497,80.535,91.898,57.91,58.267,63.567,63.546,53.136,75.089,215.5907462,254706,4.54,9311.3,-112.1,1120.5,0.761863,0.164320479
1992,6380.8,4117.7,496.2,1037.7,2583.8,956.8,956.5,714.2,242.4,1326.9,578.6,400.2,69.942,70.783,128.659,73.02,62.074,57.13474251,81.159,80.402,91.809,57.707,58.721,64.015,64.072,54.485,75.195,214.9341286,255455,3.89,9378.3,0,1131.2,0.769733,0.720461903
1992.25,6492.3,4173.4,501,1047.2,2625.2,1013.1,989.9,736.7,253.2,1338.7,582.2,402.8,70.388,71.252,129.01,73.383,62.574,57.5445406,81.322,80.545,91.719,58.284,59.318,64.474,64.566,54.869,75.517,216.0151054,256289,3.68,9444.6,0,1145.7,0.760979,-0.312065803
1992.5,6586.5,4245.4,512.1,1061.1,2672.3,1024.2,1003.7,748.6,255.1,1355.4,592.7,411.1,70.723,71.706,129.114,73.912,63.018,57.95470723,81.559,80.734,91.78,58.709,59.752,64.892,65.009,55.517,75.851,215.9896963,257225,3.08,9511.3,0,1153.1,0.767452,-1.486695204
1992.75,6697.6,4326.2,523.1,1074.8,2728.3,1058,1036.7,768.3,268.3,1360.5,593,404.7,71.201,72.211,129.312,74.127,63.633,58.40750268,81.748,81.009,91.784,59.48,60.106,65.18,64.995,55.921,76.36,217.2266289,258140,3.07,9578.4,0,1187.4,0.836188,0.112693822
1993,6748.2,4368.5,527.9,1079.1,2761.5,1083.9,1048,776.6,271.4,1351.5,577,389.6,71.606,72.641,129.24,74.351,64.166,58.80843939,81.828,81.293,91.868,60.119,60.393,65.397,65.044,55.499,76.802,218.7129305,258917,2.96,9646.7,0,1178.6,0.88579,-0.60822637
1993.25,6829.6,4437.5,547.8,1086.3,2803.3,1094.5,1070.4,792.4,278,1360.9,575.6,388.4,72.041,73.131,129.918,74.256,64.821,59.21875816,82.16,81.571,91.941,60.771,60.743,65.764,65.407,55.979,77.287,221.1838754,259686,2.97,9715.8,0,1225.4,0.990144,0.251213962
1993.5,6904.2,4506,556.6,1092.5,2856.9,1095.9,1089.3,798.4,290.9,1370.6,578.9,390,72.475,73.451,130.548,73.948,65.313,59.47421185,82.829,81.728,91.894,61.304,61.049,66.283,65.847,56.049,77.736,221.5861771,260563,3,9786.3,0,1233.1,0.999288,0.108018577
1993.75,7032.8,4572,573.8,1105.3,2893,1153,1136.4,829.5,306.9,1381.3,582,392.2,72.853,73.872,131.409,74.294,65.703,59.80808346,82.798,81.972,92.159,61.511,61.391,66.722,66.253,56.545,78.084,223.0904759,261421,3.06,9858.5,0,1286.8,1.058623,0.340580695
1994,7136.3,4640.9,588.8,1116.8,2935.2,1202.1,1156.7,841.1,315.6,1373.9,564.4,373.3,73.206,74.134,131.714,74.081,66.114,60.03111112,83.116,82.421,92.406,62.326,61.83,67.048,66.497,56.232,78.323,224.2638674,262131,3.24,9933.3,0,1284.3,1.107625,0.275848725
1994.25,7269.8,4702.9,598.7,1128.1,2976.1,1265.1,1183.7,855.7,327.9,1392.4,569,379.2,73.571,74.547,132.504,74.239,66.562,60.36104131,83.387,82.687,92.595,62.732,62.298,67.734,67.191,56.578,78.635,227.5997207,262887,3.99,10011,0,1330.7,1.138381,0.730252112
1994.5,7352.3,4773.1,609.3,1149.6,3014.2,1251.6,1198.4,871.9,326.4,1424.4,584,392.5,73.969,75.079,133.442,75.007,66.957,60.79246784,83.878,83.04,92.784,63.378,62.675,67.865,67.379,56.557,79.04,229.7822619,263726,4.48,10090.7,0,1339.3,1.106826,-0.447911413
1994.75,7476.7,4847.2,631.8,1163,3052.4,1307.2,1232,906.6,325.4,1424.2,573.4,376.2,74.376,75.432,133.675,75.086,67.406,61.10509569,84.144,83.369,92.863,64.173,63.234,68.513,67.984,56.838,79.384,230.8492112,264555,5.28,10172.2,0,1363,1.154533,0.771343648
1995,7545.3,4883.3,621.3,1166.9,3095.2,1327.3,1266.1,944.3,321.8,1440,577.6,377.6,74.803,75.794,134.218,75.065,67.87,61.40510956,84.524,83.881,93.251,64.929,63.807,69.469,68.878,57.077,79.741,232.709858,265270,5.74,10255.5,0,1388.4,1.199275,0.996742135
1995.25,7604.9,4955,626.9,1177,3151.1,1303.8,1270.1,956.6,313.5,1455.6,579.7,380.6,75.132,76.222,134.077,75.346,68.393,61.81180417,84.789,84.196,93.56,65.258,64.163,69.63,69.074,57.399,80.071,232.8233293,266008,5.6,10340.1,0,1416.7,1.261062,0.006960552
1995.5,7706.5,5020.5,642.5,1183.7,3194.2,1303.2,1291.9,965.5,326.4,1457.3,576.9,376.5,75.489,76.528,133.649,75.507,68.814,62.12483571,85.255,84.449,93.808,65.527,64.413,69.867,69.323,57.766,80.431,234.8805197,266851,5.37,10425.8,0,1423.6,1.279575,0.550381291
1995.75,7799.5,5077.9,652.2,1191.7,3234,1335.6,1317.2,982.5,334.6,1455.7,567.3,369.5,75.861,76.864,133.354,75.625,69.281,62.45871118,85.253,84.434,93.607,65.903,64.927,70.846,69.808,58.377,80.706,234.5055573,267705,5.26,10512.4,0,1440.9,1.347521,0.388955898
1996,7893.1,5153.8,659.8,1211.2,3282.8,1355.2,1348.3,1003.6,344.7,1472.9,577.2,375.3,76.272,77.295,133.455,76.37,69.629,62.85353941,85.201,84.307,93.295,66.166,65.557,71.487,70.703,59.221,81.034,233.2735383,268370,4.93,10598.8,0,1477.5,1.338739,0.058147745
1996.25,8061.5,5244.1,676.3,1239.5,3328.3,1418.6,1388,1026.6,361.4,1492.5,582.5,380.9,76.562,77.805,132.575,77.167,70.177,63.39178629,85.062,84.154,92.923,66.469,65.383,70.841,70.226,59.889,81.422,235.6721767,269116,5.02,10685.7,0,1531.8,1.352509,0.088047204
1996.5,8159,5298.3,679.4,1246.5,3372.4,1474.4,1423.4,1059.1,364.3,1500.5,576.9,376,76.778,78.138,132.231,77.052,70.726,63.72739686,84.52,84.38,92.935,67.146,65.662,70.96,70.32,60.454,81.559,237.6161734,269976,5.1,10773.3,0,1543.9,1.403719,-1.000785907
1996.75,8287.1,5376.1,689.6,1268.3,3418.1,1480,1445.3,1083.5,361.8,1519.8,576.3,373.9,77.168,78.667,131.66,77.769,71.299,64.26441826,84.865,84.346,92.744,67.45,66.025,71.235,70.561,60.725,81.935,240.0861217,270861,4.98,10861.9,0,1591.9,1.386986,0.135324377
1997,8402.1,5456.7,705.6,1281.1,3470,1522,1472.2,1106.8,365.4,1532.2,572.1,363.8,77.647,79.014,131.155,78.08,71.743,64.62589708,85.427,84.371,92.637,67.766,66.58,71.939,71.248,61.24,82.398,241.5294954,271589,5.06,10951.8,0,1616.5,1.364363,0.160998339
1997.25,8551.9,5495.1,696.6,1277.9,3520.6,1589.9,1501.5,1129.2,372.3,1552.2,585.7,374.4,77.857,79.209,129.896,77.844,72.242,64.90196549,84.568,84.424,92.565,68.097,66.754,72.126,71.369,61.72,82.539,242.9914494,272349,5.05,11043,0,1652.2,1.35002,-0.163853832
1997.5,8691.8,5603.5,722.8,1297.7,3583,1625.3,1557.4,1178.4,379,1559.8,585.4,372.1,78.135,79.413,129.032,77.795,72.647,65.15787905,84.935,84.543,92.492,68.652,66.972,72.249,71.435,62.409,82.78,244.5095954,273234,5.05,11135.4,0,1689,1.341762,0.271463398
1997.75,8788.3,5687.6,737.2,1308.2,3642.2,1645.3,1567.6,1181.9,385.8,1572.4,586.5,375.5,78.395,79.659,128.322,77.878,73.056,65.44577278,84.777,84.45,92.136,69.154,67.414,72.578,71.684,63.617,82.979,245.5950342,274117,5.09,11229.2,0,1711.6,1.240435,-0.449976803
1998,8889.7,5745.9,737.7,1307.1,3701.2,1712.3,1607.2,1212.4,394.8,1566.7,571.5,355.5,78.523,79.655,127.389,77.255,73.369,65.51407642,84.47,84.143,91.605,69.347,67.561,72.78,71.978,64.736,82.997,247.266692,274837,5.05,11324.6,0,1745.9,1.250046,0.37973932
1998.25,8994.7,5857.8,769.2,1320.3,3768.3,1694.8,1657.4,1246.1,411.3,1604.4,586.6,368.7,78.687,79.796,126.445,77.102,73.737,65.72309627,84.174,83.966,91.143,69.823,67.811,72.922,72.08,65.551,83.016,248.3195792,275568,4.98,11421.7,0,1772.2,1.224045,0.050194344
1998.5,9146.5,5952.8,785,1335.1,3832.7,1739.8,1687.4,1259.8,427.6,1628.6,584.7,373.8,78.981,80.037,125.479,77.411,74.097,66.02908462,84.161,83.92,90.777,70.514,68.21,73.133,72.247,66.56,83.184,248.696332,276416,4.82,11520,0,1807.8,1.246672,-0.3346747
1998.75,9325.7,6055.5,825.2,1355.3,3875.1,1794.4,1734.4,1292.9,441.5,1654.3,593.6,372.8,79.228,80.24,124.54,77.531,74.466,66.29923773,84.422,83.957,90.559,71.144,68.662,73.391,72.603,66.869,83.242,251.6189129,277269,4.25,11619.3,0,1833,1.138593,-0.04823275
1999,9447.1,6129,819.9,1384.8,3924.2,1850.6,1767.2,1319.9,447.4,1676,594.5,370,79.624,80.447,123.481,77.791,74.812,66.58499556,84.656,84.09,90.467,71.813,69.309,74.2,73.479,68.099,83.501,251.5440304,277993,4.41,11719.2,15,1862.7,1.182543,-0.180265155
1999.25,9557,6253,854.8,1417.9,3980.3,1845.8,1810.7,1351.4,459.3,1703.7,601.1,375.9,79.891,80.876,122.856,78.914,75.136,67.0488362,84.359,84.171,90.256,72.594,70.063,74.645,73.881,68.242,83.569,253.6662221,278723,4.45,11818.3,0,1882.8,1.184362,-0.170523324
1999.5,9712.3,6357.2,871.2,1439.7,4046.3,1890.9,1850.4,1383.8,466.6,1740.2,614.6,387.5,80.18,81.302,122.28,79.76,75.544,67.5058706,84.311,84.095,89.897,73.206,70.735,75.006,74.16,68.814,83.796,254.4625887,279600,4.65,11918.5,0,1914,1.060997,-1.056722168
1999.75,9926.1,6488.9,876.3,1482.3,4130.3,1949.4,1865.2,1391.4,473.8,1784.2,631.6,397.4,80.547,81.784,121.545,80.48,76.1,68.03232068,84.441,84.38,90.066,73.794,71.463,75.584,74.582,70.134,84.053,255.8430057,280463,5.04,12020.3,0,1962.2,0.741689,-0.710815688
2000,10031,6642.7,920.9,1491.8,4230,1945.9,1929.8,1445.5,484.2,1795.1,618.1,380.7,81.163,82.469,120.973,81.714,76.759,68.74030519,85.055,84.935,90.35,75.047,72.495,76.823,75.993,72.701,84.588,257.4598064,281192,5.52,12123.7,0,2044.2,0.631866,0.18378402
2000.25,10278.3,6737.3,901.9,1534.8,4300.5,2071.8,1981.3,1494.7,486.6,1828.9,639.3,397.4,81.623,82.847,120.715,82.428,77.107,69.12751301,85.449,85.294,90.56,75.803,72.969,76.767,76.02,73.015,85.075,258.120556,281885,5.71,12232.3,0,2057.3,0.712455,-0.166851676
2000.5,10357.4,6845.1,911.7,1557.2,4376.3,2055.8,1998.5,1515.5,483.1,1845,636.2,393.5,82.152,83.363,119.979,83.08,77.743,69.69155022,85.867,85.685,90.859,76.441,73.765,77.686,76.763,74.495,85.529,257.5989079,282657,6.02,12343,0,2076.3,0.934012,0.236662826
2000.75,10472.3,6944.4,915.8,1577.3,4451.3,2061.6,2007.2,1519.4,487.8,1868.7,636.1,395.2,82.593,83.825,119.699,83.35,78.37,70.16552567,86.058,85.871,90.858,77.107,74.479,78.092,77.09,75.005,85.926,256.5423026,283450,6.02,12455.4,0,2094.9,1.155965,-0.380611823
2001,10508.1,7020.4,926.8,1572.1,4521.5,1967.5,1998.2,1501.5,496.7,1911.9,652.5,403.4,83.112,84.386,119.175,83.575,79.192,70.75906786,86.097,85.926,90.513,78.181,75.086,78.393,77.64,76.859,86.338,256.4838829,284136,4.82,12570.3,0,2113.8,1.234576,-0.336113239
2001.25,10638.4,7072.1,919.5,1590.2,4562.4,1967,1978.6,1467.6,511,1958.6,666.4,410.3,83.699,84.79,118.335,84.146,79.71,71.22722626,86.383,86.224,90.525,79.202,75.436,78.519,77.653,77.108,86.863,254.7283774,284818,3.66,12684.7,0,2098.2,1.194325,-1.094777301
2001.5,10639.5,7103.4,923.9,1591,4588.5,1937.3,1967.5,1445,522.4,1965.5,674.9,416.5,83.973,84.854,117.553,83.8,80.026,71.36075964,86.62,86.439,90.316,80.474,75.752,78.852,77.979,77.231,86.941,253.3942435,285574,3.17,12798.3,97.1,1907,1.337681,-0.485054795
2001.75,10701.3,7216.6,995.9,1581.6,4639.1,1842.7,1923.5,1401.5,522.1,1999.1,683.3,420.7,84.227,84.91,116.966,82.605,80.584,71.46759034,86.638,86.495,90.206,80.934,75.943,79.214,78.214,77.849,86.973,251.7553785,286336,1.91,12910.2,0,2008.3,1.305858,-1.037911695
2002,10834.4,7251.4,974.9,1584.6,4691.8,1910,1910.2,1371.9,538.3,2048.3,714.4,438.7,84.497,85.064,115.931,82.457,81.006,71.71425327,86.71,86.408,90.135,80.81,76.68,80.816,79.782,78.184,86.973,250.0780456,286991,1.72,13016.8,296.3,1867.9,1.47355,1.752271408
2002.25,10934.8,7344.5,979.7,1608.2,4756.7,1925.6,1906.5,1351.6,554.8,2080.6,733.1,450.1,84.812,85.719,115.36,83.641,81.657,72.40483231,86.547,86.455,89.997,81.271,77.15,81.025,79.961,78.892,87.222,251.3163957,287628,1.72,13121.9,0,1868.5,1.665179,-0.389754374
2002.5,11037.1,7433.1,1003.5,1616.6,4813,1927.9,1902.6,1343.7,558.9,2107.7,746.2,459.5,85.19,86.151,114.805,83.874,82.299,72.88127265,86.66,86.567,89.999,81.621,77.554,81.192,80.28,79.303,87.53,250.9372903,288361,1.64,13224.4,93,1869,1.68829,-0.053567524
2002.75,11103.8,7507.2,983.3,1643.5,4880.4,1936.5,1906.7,1328.4,578.3,2143.1,768.8,479.1,85.651,86.545,114.07,84.169,82.896,73.34131764,87.204,87.029,90.055,82.965,78.296,82.168,82.024,79.487,87.885,251.2208187,289096,1.33,13324.4,0,1877.1,1.58033,-0.216541381
2003,11230.1,7593.5,974,1682.5,4937,1960.2,1929.2,1327.8,601.4,2178,789.3,490.2,86.179,87.156,112.644,85.581,83.545,74.08100419,87.529,87.422,89.803,84.725,79.828,84.331,83.982,79.986,88.228,249.7925237,289714,1.16,13422.1,123.8,1890.1,1.458964,-0.047647567
2003.25,11370.7,7684.6,1007.8,1668.5,5008.3,1970.5,1970.9,1359.1,611.9,2216.9,831.4,526.8,86.455,87.231,111.442,84.253,84.281,74.27527203,87.53,87.426,89.747,84.865,79.997,84.597,84.244,81.559,88.379,248.9057551,290352,1.04,13515.4,0,1910.8,1.432018,-0.613928173
2003.5,11625.1,7845.5,1042.3,1722.9,5080.4,2048.3,2040.1,1388.5,651.6,2231.2,830.5,522.7,86.934,87.764,110.328,85.419,84.859,74.91476223,87.875,87.714,89.892,85.474,80.514,84.995,84.682,82.607,88.788,249.4871324,291071,0.93,13606,41,1840,1.412575,-0.280851233
2003.75,11816.8,7938.5,1046,1742.3,5150.2,2132.8,2094.4,1411.5,682.9,2257.3,848.1,539.9,87.346,88.119,109.321,85.786,85.424,75.36874973,88.382,88.338,90.088,86.996,81.014,85.145,84.952,83.656,89.061,250.5212653,291796,0.92,13693.9,78.2,1939.3,1.443317,-0.304376869
2004,11988.4,8076.8,1062.3,1779.2,5235.3,2155.2,2106.3,1400.3,706,2303.1,872.5,554.8,88.108,88.791,109.212,86.948,86.051,76.04010209,89.258,89.155,90.375,88.901,82.432,86.997,86.578,83.681,89.724,251.6811843,292374,0.92,13778.6,0,1952.7,1.368529,0.717949602
2004.25,12181.4,8186.3,1071.7,1801.6,5313.1,2259.5,2183.3,1440.2,743.1,2343.6,886.7,564.7,88.875,89.415,109.111,87.77,86.719,76.66295795,90.35,90.114,90.934,90.675,83.403,87.538,87.143,85.271,90.442,251.8083972,293000,1.08,13860.8,25,2003.3,1.455222,-0.125524655
2004.5,12367.7,8312.7,1084.2,1825.9,5402.5,2311.3,2249,1485.6,763.4,2381.8,906.9,585.6,89.422,89.935,108.279,88.273,87.46,77.26341417,91.018,90.98,91.315,92.507,84.44,87.988,87.611,86.717,90.86,252.9504715,293718,1.49,13942,0,2062.3,1.506691,0.501318636
2004.75,12562.2,8464.3,1101.1,1875,5488.2,2380.8,2312.7,1526.5,786.2,2401.2,903.3,575.8,90.049,90.645,108.429,89.834,87.974,77.9478451,91.899,91.841,91.883,93.963,85.506,88.404,88.129,87.336,91.565,253.4598389,294463,2.01,14023,0,2091.3,1.458585,-0.182265741
2005,12813.7,8573.1,1110.5,1895.9,5566.7,2475.2,2375.7,1560.5,815.1,2442.2,931.2,596.8,90.883,91.114,108.211,89.681,88.762,78.43384897,92.899,92.844,92.782,95.181,86.786,90.62,90.543,87.903,92.339,254.7628999,295102,2.54,14105.9,100,2244,1.498262,0.41955156
2005.25,12974.1,8723.9,1140.6,1916.8,5666.5,2469.5,2438.9,1595.2,843.7,2469.7,938.2,605,91.543,91.72,108.076,90.278,89.493,79.04839743,93.881,93.833,93.5,96.723,87.611,91.098,91.032,88.171,93.008,256.0795276,295710,2.86,14190.7,0,2272.2,1.504139,0.203503669
2005.5,13205.4,8888.1,1145.4,1980,5762.6,2527.2,2509.3,1633.8,875.5,2521.6,963.1,623.4,92.399,92.726,107.315,93.051,90.204,80.13026853,95.085,95.036,94.036,99.281,88.757,91.846,91.799,89.313,93.935,256.7685199,296444,3.36,14276.3,0,2316.6,1.460863,-0.158789068
2005.75,13381.6,8991.3,1112.4,2019.5,5859.4,2636.5,2546.2,1656.4,889.9,2541.3,952.8,607.8,93.1,93.452,107.082,93.313,91.241,80.87280462,96.305,96.249,94.956,101.136,89.776,92.219,92.198,89.986,94.622,257.2912419,297203,3.83,14362.9,0,2381.3,1.493213,0.388771334
2006,13648.9,9134.3,1153.3,2038.6,5942.4,2699.7,2625.2,1729.4,895.9,2592.2,995.3,633.5,93.832,93.885,106.657,93.424,91.924,81.34760015,97.326,97.206,95.616,102.776,90.842,93.996,94.181,91.937,95.181,259.4314306,297854,4.39,14451,0,2484.1,1.53927,0.007825071
2006.25,13799.8,9253.7,1147,2075.3,6031.4,2697,2619.7,1761,858.7,2630.7,998.7,641.4,94.587,94.609,106.19,94.793,92.63,82.11705723,97.868,97.864,96.161,103.73,91.849,94.423,94.612,91.856,95.874,260.0893468,298505,4.7,14540.5,227.7,2518.7,1.578802,-0.014936885
2006.5,13908.5,9374.3,1158,2109.5,6106.8,2684.4,2607.3,1793.6,813.7,2655.4,1000.4,638.7,95.247,95.286,105.743,95.876,93.359,82.83806119,98.416,98.405,96.787,104.106,92.508,94.555,94.735,91.984,96.491,261.3920274,299271,4.91,14629.9,0,2561.8,1.608535,0.110661417
2006.75,14066.4,9453.6,1166.1,2095.3,6192.2,2641.6,2602.5,1821.2,781.3,2690.6,1013.5,655.9,95.58,95.122,105.096,93.665,93.971,82.74903839,99.195,99.225,97.645,104.845,93.128,94.814,94.996,93.565,96.624,262.5704788,300090,4.9,14718.6,0,2586.4,1.569736,-0.080745968
2007,14233.2,9591.9,1173.4,2128.8,6289.7,2634.2,2614,1864.7,749.3,2735.6,1018.3,654.5,96.654,96.008,104.573,94.967,94.957,83.68850697,99.836,99.842,98.29,105.368,94.897,96.566,96.733,95.846,97.614,262.3272478,300799,4.98,14805.1,0,2660.8,1.596913,0.33412736
2007.25,14422.3,9700.9,1184.9,2166.1,6349.8,2671.9,2624.8,1907.5,717.3,2782.5,1040.8,672.6,97.194,96.771,104.102,96.827,95.56,84.49950104,99.896,99.997,98.61,105.071,95.715,97.161,97.339,96.098,98.177,263.1526559,301492,4.74,14889.6,0,2674.9,1.577242,-0.17393043
2007.5,14569.7,9799.2,1190.2,2184.3,6424.7,2658.2,2609.6,1937.9,671.7,2824.3,1063.9,690.7,97.531,97.319,103.414,97.505,96.274,85.12077818,100.004,100.023,98.648,105.09,96.458,97.461,97.707,96.476,98.429,262.5499855,302272,4.3,14972.3,0,2663,1.672224,0.472480113
2007.75,14685.3,9910,1190.1,2228.6,6491.4,2610.6,2588.7,1972.3,616.4,2865.3,1076.1,697.1,97.956,98.296,102.994,99.56,97.125,86.13723608,100.207,100.093,98.736,105.161,97.465,98.055,98.466,97.33,98.753,263.0370836,303049,3.39,15052.9,739.3,2669.9,1.683983448,0.736100042
2008,14668.4,9974.4,1152.3,2253.9,6568.1,2527,2547.2,1981.6,565.5,2923.8,1110.7,719.7,98.516,99.139,102.657,101.248,97.878,87.00690078,100.379,100.318,99.175,104.726,99.046,99.602,100.003,98.234,99.141,262.7229682,303708,2.04,15130.6,0,2640.8,1.731134081,
2008.25,14813,10095.8,1139.8,2318.9,6637,2493.3,2517.2,1978.7,538.4,2983.4,1140.5,741.2,98.995,100.177,101.863,103.442,98.831,88.11992934,100.835,100.552,99.606,104.279,100.282,100.422,101.036,98.372,99.579,262.0870397,304332,1.63,15208.7,0,2621.4,1.667884535,
2008.5,14843,10124.9,1101.9,2348.4,6674.6,2435.9,2454.7,1947.3,507.4,3055.9,1180,776.6,99.673,101.197,101.581,106.159,99.501,89.15993145,101.335,101.259,100.741,103.355,101.317,100.936,101.59,99.199,100.252,259.9684564,305051,1.49,15283.9,0,2571.3,1.751065652,
2008.75,14549.9,9859.6,1015.1,2172.4,6672.1,2243.1,2308.3,1856.2,452.1,3049.7,1191.2,778.9,99.815,99.746,100.831,99.717,99.579,87.81089999,102.423,101.965,101.981,101.919,100.455,100.158,100.574,100.184,100.089,255.3862811,305781,0.3,15355.5,-243.6,2484.4,1.847918739,
2009,14383.9,9770.2,1012,2124.9,6633.3,1972.1,2117.8,1712.3,405.5,3035.4,1182.2,760.2,100.062,99.182,100.338,97.467,99.561,87.31110191,101.779,101.364,101.423,101.121,99.83,100.179,100.361,97.729,100.281,250.1743917,306399,0.21,15422.8,0,2221.7,,
2009.25,14340.4,9769.8,1004.8,2143.6,6621.4,1825.9,2013.8,1637.5,376.3,3086.5,1214.6,785.4,99.895,99.626,100.219,99.041,99.727,87.76300739,100.293,100.142,100.215,99.829,99.693,99.652,99.616,100.071,99.876,246.286326,306992,0.17,15479.9,0,2219.9,,
2009.5,14384.1,9890.8,1045.8,2199.1,6645.9,1786.4,1992.3,1600.3,392,3112.5,1233.2,802.8,99.873,100.253,99.55,101.224,100.048,88.45,98.987,99.198,99.209,99.147,99.984,99.811,99.742,100.845,99.772,243.4138876,307690,0.16,15532.4,0,2220.8,,
2009.75,14566.5,9957.1,1030.7,2232.8,6693.6,1928,1978.8,1583.6,395.2,3122,1240.7,804.6,100.169,100.936,99.915,102.261,100.664,89.08461545,98.896,99.235,99.075,99.879,100.488,100.361,100.296,101.44,100.069,243.2459214,308413,0.06,15581.2,0,2291,,
2010,14681.1,10044.5,1040.2,2264.7,6739.7,1989.5,1977.5,1594.4,383.1,3135.7,1269.2,811.9,100.522,101.279,99.525,102.863,101.035,89.46208719,98.839,98.977,98.721,100.033,101.667,101.715,101.67,100.67,100.491,243.5798643,309024,0.11,15624.8,0,2359.8,,
2010.25,14888.6,10137.7,1064.7,2260.9,6812,2092.7,2042.6,1641.8,400.8,3181.5,1304.6,829.3,100.968,101.393,98.921,102.209,101.515,89.63726632,98.857,99.022,98.947,99.331,102.423,102.446,102.261,101.783,100.86,246.108635,309376,0.15,15669.1,0,2416.6,,
2010.5,15057.7,10233.4,1075.1,2287.3,6871,2164.6,2043,1677.4,365.6,3194.7,1321.6,846.3,101.429,101.693,98.293,102.755,101.884,90.0012406,99.033,99.138,99.092,99.325,102.937,102.848,102.473,102.305,101.298,246.1841531,309991,0.16,15713.7,0,2481.8,,
2010.75,15230.2,10393.2,1102.8,2355.6,6934.8,2156.5,2094.1,1719.3,374.7,3184.2,1320.1,843.5,101.949,102.233,97.817,104.485,102.198,90.58854785,99.553,99.569,99.492,99.899,103.67,103.424,103.037,102.704,101.924,247.0392858,310654,0.14,15759.9,-97.8,2515,,
2011,15238.4,10523.5,1115.3,2418.7,6989.6,2123.5,2097.2,1722.4,374.8,3153.8,1298.1,823.4,102.399,102.999,97.68,106.782,102.607,91.36423814,99.884,99.941,99.897,100.115,104.702,104.585,104.438,104.443,102.347,247.6183422,311205,0.13,15813.6,0,2567.8,,
2011.25,15460.9,10651.4,1112.3,2475.6,7063.4,2212.7,2149.6,1768.5,381.1,3183.8,1314.9,844.9,103.145,104.041,98.071,109.27,103.278,92.35483258,100.213,100.442,100.428,100.474,105.811,105.526,105.441,104.003,103.128,248.8938519,311733,0.05,15869.2,0,2577.2,,
2011.5,15587.1,10754.5,1123.8,2489.2,7141.4,2228.2,2243.1,1854.5,388.6,3176.8,1305.9,851.5,103.768,104.593,97.843,110.154,103.851,92.92797416,100.641,100.704,100.744,100.479,106.249,105.893,105.76,104.553,103.819,250.064643,312360,0.02,15926.3,-389,2565.8,,
2011.75,15785.3,10827.9,1149.8,2501.1,7177,2395.2,2302.5,1902.9,399.6,3160.4,1294.9,828,103.917,104.954,97.32,110.551,104.351,93.34629752,100.903,100.962,101.052,100.501,106.116,105.69,105.444,103.284,104.031,251.4225106,313001,0.01,15984.6,-48.6,2585.6,,
2012,15973.9,10956.2,1178.8,2535.6,7241.8,2460.8,2395.3,1971.5,423.8,3171.6,1300.5,826.4,104.466,105.561,97.112,111.511,104.984,93.97573975,101.284,101.482,101.723,100.319,107.014,106.258,106.234,105.694,104.48,252.4740834,313538,0.07,16041.8,0,2664.2,,
2012.25,16121.9,11008.3,1181.6,2535.6,7291.1,2534.8,2445.5,2016.2,429.4,3159.6,1293.7,818.8,104.943,105.884,96.685,111.412,105.578,94.34794214,101.833,101.905,102.153,100.711,107.129,106.492,106.444,106.363,105.034,252.5366449,314060,0.09,16100.3,0,2678.6,,
2012.5,16227.9,11073.6,1194.2,2550.6,7328.9,2529.9,2455.9,2011.7,444.1,3159.6,1297,821.5,105.508,106.231,96.131,111.813,106.066,94.75911592,101.93,102.309,102.462,101.571,107.438,106.639,106.582,106.479,105.651,254.7338969,314677,0.1,16159.4,0,2687.7,,
2012.75,16297.3,11164.3,1212.9,2567.1,7384.3,2521.3,2502.9,2031.2,471.7,3143.5,1278.9,804.6,105.935,106.803,95.757,112.624,106.729,95.37594138,102.402,102.535,102.516,102.581,107.941,106.661,106.608,109.282,106.019,255.6423245,315334,0.09,16218.9,0,2765.8,,
2013,16440.7,11271.8,1235.4,2592.3,7444.1,2578.3,2541.8,2052.1,489.6,3119.8,1250.4,783.8,106.363,107.165,95.499,112.403,107.395,95.76854737,102.923,102.88,102.572,104.197,108.37,106.866,106.726,106.839,106.444,255.8723924,315870,0.09,16279.2,-486.5,2976.7,,
2013.25,16526.8,11322.8,1235.6,2574.9,7512.3,2620.4,2571.7,2064.6,507.1,3111.4,1234.2,772.3,106.623,107.282,94.987,111.448,107.985,95.94885512,103.281,103.437,102.94,105.574,108.634,107.02,106.726,108.493,106.613,256.1434461,316403,0.05,16338.4,0,3253.8,,
2013.5,16727.5,11417.7,1237.5,2606.5,7573.7,2711.5,2606,2085.9,520,3110.7,1220.4,759.2,107.128,107.726,94.375,112.166,108.534,96.46996744,103.503,103.843,103.106,106.988,109.221,107.403,107.018,108.617,107.076,257.5185437,317024,0.03,16398.1,0,3086.4,,
2013.75,16957.6,11556.9,1242.8,2622,7692.1,2749.9,2653.5,2134.5,519,3115.1,1217.6,755.4,107.589,108.106,93.822,112.108,109.236,96.92157413,103.884,104.425,103.341,109.043,110.135,109.014,108.087,109.174,107.389,258.858954,317672,0.06,16458.3,0,3248.2,,
2014,16984.3,11640.3,1243.1,2631.6,7765.6,2751.1,2708.4,2181.9,526.4,3122.3,1214.8,746.8,108.009,108.537,93.24,112.401,109.905,97.42872986,104.586,105.044,103.563,111.394,110.39,108.674,108.132,110.745,107.783,259.2111309,318202,0.05,16519,,3215.5,,
2014.25,17270,11813,1279.1,2672.4,7861.5,2841.6,2752.7,2211.7,540.9,3146.3,1216.9,748.4,108.606,109.114,92.874,113.188,110.593,98.05693706,104.874,105.327,103.845,111.667,110.921,109.18,108.503,110.506,108.388,261.3905464,318736,0.03,16581.5,,3256.3,,
2014.5,17522.1,11949.1,1295.1,2692.2,7961.7,2910.2,2821.8,2267,554.8,3177.4,1233.1,759.5,109.044,109.438,92.347,113.347,111.137,98.45190989,105.513,105.944,104.166,113.581,111.519,109.646,108.917,111.185,108.722,262.4633501,319358,0.03,16645.8,,3293.4,,
2014.75,17615.9,12061.4,1303.5,2676.6,8081.3,2937.2,2848.7,2274.1,574.6,3162.5,1214.7,738.2,109.067,109.318,91.574,111.82,111.614,98.433002,105.939,106.305,104.317,114.863,111.394,109.596,108.786,112.022,108.547,265.1121112,320006,0.02,16712,,3295.7,,
2015,17649.3,12055.5,1301.8,2599.7,8153.9,2995.9,2868.6,2280.7,588,3149.5,1218.2,739,109.099,108.792,91.009,108.419,112.045,97.9747136,105.852,106.192,104.207,114.739,110.956,109.619,108.633,112.378,108.507,266.4735527,320536,0.03,16781.7,,3356.5,,
2015.25,17913.7,12228.4,1326.4,2651.8,8250.2,3025.5,2897.9,2297.9,600,3179.2,1220.7,740.1,109.674,109.388,90.955,109.443,112.626,98.58378832,105.609,105.938,103.949,114.504,111.281,109.846,108.716,112.944,109.108,267.3988328,321070,0.02,16853.1,,3440.4,,
2015.5,18064.7,12358.6,1339.5,2683.4,8335.7,3034.8,2934.2,2318.5,615.8,3200.4,1224.4,738.3,110.031,109.73,90.418,109.669,113.181,98.98896905,106.021,106.376,104.26,115.47,111.565,110.148,108.861,113.819,109.336,,321692,0.04,16926.5,,3482.9,,